{"cameraMode":{"drawMode":0,"name":"Shaded","section":"Shading Mode"},"sceneLighting":false,"audioPlay":false,"sceneViewState":{"showFog":true,"showMaterialUpdate":false,"showSkybox":false,"showFlares":true,"showImageEffects":true,"showParticleSystems":true},"in2DMode":false,"pivot":{"x":-12.94232177734375,"y":0.4165268838405609,"z":-0.7016974687576294},"rotation":{"x":0.830228865146637,"y":-0.0005044619319960475,"z":0.0007421142072416842,"w":0.5574442744255066},"size":26.384124755859376,"orthographic":true}